feature,normalization,stratum,statistic,rho,p,n
rel_delta,raw,all,MAX,0.15740180933882822,9.624262633555862e-15,2393
rel_delta,raw,all,P95,0.1606018383223968,2.7092034865677e-15,2393
rel_delta,raw,W,MAX,0.08390891553114012,4.362815721265942e-05,2367
rel_delta,raw,W,P95,0.08539278333920626,3.1835895533982165e-05,2367
rel_delta,raw,N1,MAX,0.1521779835120886,5.605193260838063e-13,2221
rel_delta,raw,N1,P95,0.15399682592265834,2.94332685488027e-13,2221
rel_delta,raw,N2,MAX,0.09279635926522736,3.62346961035625e-05,1975
rel_delta,raw,N2,P95,0.09520691399735448,2.2548078991901428e-05,1975
rel_delta,raw,N3,MAX,0.08576792932455263,0.006462641172364833,1007
rel_delta,raw,N3,P95,0.08585507034247103,0.006408513508544387,1007
rel_delta,raw,REM,MAX,0.12842773967067678,1.1003260308226796e-08,1966
rel_delta,raw,REM,P95,0.1327196805226498,3.4809034684559663e-09,1966
rel_delta,age-normed |z|,all,MAX,0.1070641253762501,1.5230268303388523e-07,2393
rel_delta,age-normed |z|,all,P95,0.10146647191763512,6.564800534597697e-07,2393
rel_delta,age-normed |z|,W,MAX,0.06941103564959593,0.000726796964011497,2367
rel_delta,age-normed |z|,W,P95,0.06992563204433483,0.0006631439484131054,2367
rel_delta,age-normed |z|,N1,MAX,0.07273383020030497,0.0006027432129620517,2221
rel_delta,age-normed |z|,N1,P95,0.07279710110937009,0.0005961302096102826,2221
rel_delta,age-normed |z|,N2,MAX,0.0824224347989653,0.000245552477696508,1975
rel_delta,age-normed |z|,N2,P95,0.0821559826124849,0.0002572220084518482,1975
rel_delta,age-normed |z|,N3,MAX,0.11198610516657383,0.0003701835241426111,1007
rel_delta,age-normed |z|,N3,P95,0.10989302721739956,0.00047669953255193405,1007
rel_delta,age-normed |z|,REM,MAX,0.06785416357216571,0.0026109069436981228,1966
rel_delta,age-normed |z|,REM,P95,0.0676513088449346,0.0026895080076127465,1966
DAR,raw,all,MAX,0.1820453479795454,2.8131023924506803e-19,2393
DAR,raw,all,P95,0.1815006372922858,3.604000111126125e-19,2393
DAR,raw,W,MAX,0.11740324914618684,1.0121147188038125e-08,2367
DAR,raw,W,P95,0.11827193418140285,7.862848286206596e-09,2367
DAR,raw,N1,MAX,0.14971052192685955,1.3265739358255596e-12,2221
DAR,raw,N1,P95,0.1510262486448886,8.394543868557405e-13,2221
DAR,raw,N2,MAX,0.1282538194831161,1.066797092418191e-08,1975
DAR,raw,N2,P95,0.13045371918284215,5.9306818441748426e-09,1975
DAR,raw,N3,MAX,0.16697966630244784,9.838098880497139e-08,1007
DAR,raw,N3,P95,0.16870812238182473,7.217992439032871e-08,1007
DAR,raw,REM,MAX,0.12209090186950866,5.624532880965805e-08,1966
DAR,raw,REM,P95,0.12348456140746125,3.955936615544604e-08,1966
DAR,age-normed |z|,all,MAX,0.1070641253762501,1.5230268303388523e-07,2393
DAR,age-normed |z|,all,P95,0.10146647191763512,6.564800534597697e-07,2393
DAR,age-normed |z|,W,MAX,0.06941103564959593,0.000726796964011497,2367
DAR,age-normed |z|,W,P95,0.06992563204433483,0.0006631439484131054,2367
DAR,age-normed |z|,N1,MAX,0.07273383020030497,0.0006027432129620517,2221
DAR,age-normed |z|,N1,P95,0.07279710110937009,0.0005961302096102826,2221
DAR,age-normed |z|,N2,MAX,0.0824224347989653,0.000245552477696508,1975
DAR,age-normed |z|,N2,P95,0.0821559826124849,0.0002572220084518482,1975
DAR,age-normed |z|,N3,MAX,0.11198610516657383,0.0003701835241426111,1007
DAR,age-normed |z|,N3,P95,0.10989302721739956,0.00047669953255193405,1007
DAR,age-normed |z|,REM,MAX,0.06785416357216571,0.0026109069436981228,1966
DAR,age-normed |z|,REM,P95,0.0676513088449346,0.0026895080076127465,1966
TAR,raw,all,MAX,0.15051254249250653,1.3499073937684874e-13,2393
TAR,raw,all,P95,0.15313454518193564,5.0110985105188934e-14,2393
TAR,raw,W,MAX,0.09523359672906656,3.460684630508585e-06,2367
TAR,raw,W,P95,0.0961903501908576,2.7556690445523397e-06,2367
TAR,raw,N1,MAX,0.12494594102471002,3.4578384992084713e-09,2221
TAR,raw,N1,P95,0.12543075981121066,3.004597781557717e-09,2221
TAR,raw,N2,MAX,0.13091841939230334,5.232382789736665e-09,1975
TAR,raw,N2,P95,0.13122526027876558,4.815835744841214e-09,1975
TAR,raw,N3,MAX,0.1351012914806474,1.6955705811944324e-05,1007
TAR,raw,N3,P95,0.13742044356112612,1.2078843890489293e-05,1007
TAR,raw,REM,MAX,0.11909625887315067,1.1824959170901685e-07,1966
TAR,raw,REM,P95,0.1197613908901431,1.0041382279548781e-07,1966
TAR,age-normed |z|,all,MAX,0.1070641253762501,1.5230268303388523e-07,2393
TAR,age-normed |z|,all,P95,0.10146647191763512,6.564800534597697e-07,2393
TAR,age-normed |z|,W,MAX,0.06941103564959593,0.000726796964011497,2367
TAR,age-normed |z|,W,P95,0.06992563204433483,0.0006631439484131054,2367
TAR,age-normed |z|,N1,MAX,0.07273383020030497,0.0006027432129620517,2221
TAR,age-normed |z|,N1,P95,0.07279710110937009,0.0005961302096102826,2221
TAR,age-normed |z|,N2,MAX,0.0824224347989653,0.000245552477696508,1975
TAR,age-normed |z|,N2,P95,0.0821559826124849,0.0002572220084518482,1975
TAR,age-normed |z|,N3,MAX,0.11198610516657383,0.0003701835241426111,1007
TAR,age-normed |z|,N3,P95,0.10989302721739956,0.00047669953255193405,1007
TAR,age-normed |z|,REM,MAX,0.06785416357216571,0.0026109069436981228,1966
TAR,age-normed |z|,REM,P95,0.0676513088449346,0.0026895080076127465,1966
